"document","date","title","state","year"
"FFH-MP-013.pdf",NA,NA,NA,NA
"FFH-MP-019.pdf",NA,NA,NA,NA
"FFH-MP-020.pdf",NA,NA,NA,NA
"FFH-MP-021.pdf",NA,NA,NA,NA
"FFH-MP-024.pdf",NA,NA,NA,NA
"FFH-MP-030-Teil-Bestand_2files_merged.pdf",NA,NA,NA,NA
"FFH-MP-125.pdf",NA,NA,NA,NA
"FFH-MP-126.pdf",NA,NA,NA,NA
"FFH-MP-127.pdf",NA,NA,NA,NA
"FFH-MP-128.pdf",NA,NA,NA,NA
"FFH-MP-132.pdf",NA,NA,NA,NA
"FFH-MP-148.pdf",NA,NA,NA,NA
"FFH-MP-151-SPA-7026.pdf",NA,NA,NA,NA
"FFH-MP-153.pdf",NA,NA,NA,NA
"FFH-MP-155.pdf",NA,NA,NA,NA
"FFH-MP-159.pdf",NA,NA,NA,NA
"FFH-MP-163.pdf",NA,NA,NA,NA
"FFH-MP-190-597-656.pdf",NA,NA,NA,NA
"FFH-MP-191.pdf",NA,NA,NA,NA
"FFH-MP-192.pdf",NA,NA,NA,NA
"FFH-MP-195-219.pdf",NA,NA,NA,NA
"FFH-MP-196.pdf",NA,NA,NA,NA
"FFH-MP-199.pdf",NA,NA,NA,NA
"FFH-MP-203.pdf",NA,NA,NA,NA
"FFH-MP-209.pdf",NA,NA,NA,NA
"FFH-MP-215-349TGOder-607-683.pdf",NA,NA,NA,NA
"FFH-MP-220.pdf",NA,NA,NA,NA
"FFH-MP-226.pdf",NA,NA,NA,NA
"FFH-MP-417.pdf",NA,NA,NA,NA
"FFH-MP-420.pdf",NA,NA,NA,NA
"FFH-MP-421.pdf",NA,NA,NA,NA
